Workbook

Sheet B3
A1: symbol | B1: exchange | C1: txn_type | D1: qty | E1: order_type | F1: price | G1: trigger_price | H1: product | I1: validity | J1: variety | K1: disclosed_qty | L1: tag | M1: gtt | N1: gtt_type | O1: limit_price | P1: trigger_price_1 | Q1: limit_price_1 | R1: trigger_price_2 | S1: limit_price_2
A2: =SENSEX!Q3 -> SENSEX25D1884600CE | B2: BFO | C2: BUY | D2: 60 | E2: LIMIT | G2: =SENSEX!H3 -> 38 | H2: NRML | I2: DAY | J2: regular | L2: link:3 | M2: YES | N2: SINGLE | O2: =G2-5 -> 33
A3: =SENSEX!Q4 -> SENSEX25D1884700CE | B3: BFO | C3: BUY | D3: 60 | E3: LIMIT | G3: =SENSEX!H4 -> 38 | H3: NRML | I3: DAY | J3: regular | L3: link:3 | M3: YES | N3: SINGLE | O3: =G3-5 -> 33
A4: =SENSEX!Q5 -> SENSEX25D1884800CE | B4: BFO | C4: BUY | D4: 60 | E4: LIMIT | G4: =SENSEX!H5 -> 38 | H4: NRML | I4: DAY | J4: regular | L4: link:3 | M4: YES | N4: SINGLE | O4: =G4-5 -> 33
A5: =SENSEX!Q6 -> SENSEX25D1884900CE | B5: BFO | C5: BUY | D5: 60 | E5: LIMIT | G5: =SENSEX!H6 -> 28 | H5: NRML | I5: DAY | J5: regular | L5: link:3 | M5: YES | N5: SINGLE | O5: =G5-5 -> 23
A6: =SENSEX!Q7 -> SENSEX25D1885000CE | B6: BFO | C6: BUY | D6: 60 | E6: LIMIT | G6: =SENSEX!H7 -> 18 | H6: NRML | I6: DAY | J6: regular | L6: link:3 | M6: YES | N6: SINGLE | O6: =G6-5 -> 13
A7: =SENSEX!Q8 -> SENSEX25D1885300CE | B7: BFO | C7: BUY | D7: 60 | E7: LIMIT | G7: =SENSEX!H8 -> 38 | H7: NRML | I7: DAY | J7: regular | L7: link:3 | M7: YES | N7: SINGLE | O7: =G7-5 -> 33
A8: =SENSEX!Q9 -> SENSEX25D1885600CE | B8: BFO | C8: BUY | D8: 60 | E8: LIMIT | G8: =SENSEX!H9 -> 18 | H8: NRML | I8: DAY | J8: regular | L8: link:3 | M8: YES | N8: SINGLE | O8: =G8-5 -> 13
A9: =SENSEX!Q10 -> SENSEX25D1885800CE | B9: BFO | C9: BUY | D9: 60 | E9: LIMIT | G9: =SENSEX!H10 -> 38 | H9: NRML | I9: DAY | J9: regular | L9: link:3 | M9: YES | N9: SINGLE | O9: =G9-5 -> 33
A10: =SENSEX!Q11 -> SENSEX25D1885000PE | B10: BFO | C10: BUY | D10: 60 | E10: LIMIT | G10: =SENSEX!H11 -> 38 | H10: NRML | I10: DAY | J10: regular | L10: link:3 | M10: YES | N10: SINGLE | O10: =G10-5 -> 33
A11: =SENSEX!Q12 -> SENSEX25D1884900PE | B11: BFO | C11: BUY | D11: 60 | E11: LIMIT | G11: =SENSEX!H12 -> 38 | H11: NRML | I11: DAY | J11: regular | L11: link:3 | M11: YES | N11: SINGLE | O11: =G11-5 -> 33
A12: =SENSEX!Q13 -> SENSEX25D1884800PE | B12: BFO | C12: BUY | D12: 60 | E12: LIMIT | G12: =SENSEX!H13 -> 38 | H12: NRML | I12: DAY | J12: regular | L12: link:3 | M12: YES | N12: SINGLE | O12: =G12-5 -> 33
A13: =SENSEX!Q14 -> SENSEX25D1884700PE | B13: BFO | C13: BUY | D13: 60 | E13: LIMIT | G13: =SENSEX!H14 -> 28 | H13: NRML | I13: DAY | J13: regular | L13: link:3 | M13: YES | N13: SINGLE | O13: =G13-5 -> 23
... A29: =SENSEX!Q30 -> SENSEX25D1884800PE | B29: BFO | C29: BUY | D29: 60 | E29: LIMIT | G29: =SENSEX!H30 -> 38 | H29: NRML | I29: DAY | J29: regular | L29: link:3 | M29: YES | N29: SINGLE | O29: =G29-5 -> 33
A30: =SENSEX!Q3 -> SENSEX25D1884600CE | B30: BFO | C30: SELL | D30: 60 | E30: LIMIT | H30: NRML | I30: DAY | J30: regular | L30: link:3 | M30: YES | N30: OCO | P30: 3 | Q30: =P30-2 -> 1 | R30: =SENSEX!I3 -> 68 | S30: =R30-3 -> 65
A31: =SENSEX!Q4 -> SENSEX25D1884700CE | B31: BFO | C31: SELL | D31: 40 | E31: LIMIT | H31: NRML | I31: DAY | J31: regular | L31: link:3 | M31: YES | N31: OCO | P31: 3 | Q31: =P31-2 -> 1 | R31: =SENSEX!I4 -> 68 | S31: =R31-3 -> 65
A32: =SENSEX!Q5 -> SENSEX25D1884800CE | B32: BFO | C32: SELL | D32: 40 | E32: LIMIT | H32: NRML | I32: DAY | J32: regular | L32: link:3 | M32: YES | N32: OCO | P32: 3 | Q32: =P32-2 -> 1 | R32: =SENSEX!I5 -> 68 | S32: =R32-3 -> 65
A33: =SENSEX!Q6 -> SENSEX25D1884900CE | B33: BFO | C33: SELL | D33: 40 | E33: LIMIT | H33: NRML | I33: DAY | J33: regular | L33: link:3 | M33: YES | N33: OCO | P33: 3 | Q33: =P33-2 -> 1 | R33: =SENSEX!I6 -> 56 | S33: =R33-3 -> 53
A34: =SENSEX!Q7 -> SENSEX25D1885000CE | B34: BFO | C34: SELL | D34: 40 | E34: LIMIT | H34: NRML | I34: DAY | J34: regular | L34: link:3 | M34: YES | N34: OCO | P34: 3 | Q34: =P34-2 -> 1 | R34: =SENSEX!I7 -> 38 | S34: =R34-3 -> 35
A35: =SENSEX!Q8 -> SENSEX25D1885300CE | B35: BFO | C35: SELL | D35: 40 | E35: LIMIT | H35: NRML | I35: DAY | J35: regular | L35: link:3 | M35: YES | N35: OCO | P35: 3 | Q35: =P35-2 -> 1 | R35: =SENSEX!I8 -> 68 | S35: =R35-3 -> 65
A36: =SENSEX!Q9 -> SENSEX25D1885600CE | B36: BFO | C36: SELL | D36: 40 | E36: LIMIT | H36: NRML | I36: DAY | J36: regular | L36: link:3 | M36: YES | N36: OCO | P36: 3 | Q36: =P36-2 -> 1 | R36: =SENSEX!I9 -> 38 | S36: =R36-3 -> 35
A37: =SENSEX!Q10 -> SENSEX25D1885800CE | B37: BFO | C37: SELL | D37: 40 | E37: LIMIT | H37: NRML | I37: DAY | J37: regular | L37: link:3 | M37: YES | N37: OCO | P37: 3 | Q37: =P37-2 -> 1 | R37: =SENSEX!I10 -> 68 | S37: =R37-3 -> 65
A38: =SENSEX!Q11 -> SENSEX25D1885000PE | B38: BFO | C38: SELL | D38: 40 | E38: LIMIT | H38: NRML | I38: DAY | J38: regular | L38: link:3 | M38: YES | N38: OCO | P38: 3 | Q38: =P38-2 -> 1 | R38: =SENSEX!I11 -> 68 | S38: =R38-3 -> 65
A39: =SENSEX!Q12 -> SENSEX25D1884900PE | B39: BFO | C39: SELL | D39: 40 | E39: LIMIT | H39: NRML | I39: DAY | J39: regular | L39: link:3 | M39: YES | N39: OCO | P39: 3 | Q39: =P39-2 -> 1 | R39: =SENSEX!I12 -> 68 | S39: =R39-3 -> 65
A40: =SENSEX!Q13 -> SENSEX25D1884800PE | B40: BFO | C40: SELL | D40: 40 | E40: LIMIT | H40: NRML | I40: DAY | J40: regular | L40: link:3 | M40: YES | N40: OCO | P40: 3 | Q40: =P40-2 -> 1 | R40: =SENSEX!I13 -> 68 | S40: =R40-3 -> 65
A41: =SENSEX!Q14 -> SENSEX25D1884700PE | B41: BFO | C41: SELL | D41: 40 | E41: LIMIT | H41: NRML | I41: DAY | J41: regular | L41: link:3 | M41: YES | N41: OCO | P41: 3 | Q41: =P41-2 -> 1 | R41: =SENSEX!I14 -> 56 | S41: =R41-3 -> 53
... A57: =SENSEX!Q30 -> SENSEX25D1884800PE | B57: BFO | C57: SELL | D57: 40 | E57: LIMIT | H57: NRML | I57: DAY | J57: regular | L57: link:3 | M57: YES | N57: OCO | P57: 3 | Q57: =P57-2 -> 1 | R57: =SENSEX!I30 -> 68 | S57: =R57-3 -> 65
A58: =SENSEX!Q3 -> SENSEX25D1884600CE | B58: BFO | C58: SELL | D58: 20 | E58: LIMIT | H58: NRML | I58: DAY | J58: regular | L58: link:3 | M58: YES | N58: OCO | P58: 3 | Q58: =P58-2 -> 1 | R58: =SENSEX!V3 -> 88 | S58: =R58-3 -> 85
A59: =SENSEX!Q4 -> SENSEX25D1884700CE | B59: BFO | C59: SELL | D59: 20 | E59: LIMIT | H59: NRML | I59: DAY | J59: regular | L59: link:3 | M59: YES | N59: OCO | P59: 3 | Q59: =P59-2 -> 1 | R59: =SENSEX!V4 -> 88 | S59: =R59-3 -> 85
A60: =SENSEX!Q5 -> SENSEX25D1884800CE | B60: BFO | C60: SELL | D60: 20 | E60: LIMIT | H60: NRML | I60: DAY | J60: regular | L60: link:3 | M60: YES | N60: OCO | P60: 3 | Q60: =P60-2 -> 1 | R60: =SENSEX!V5 -> 88 | S60: =R60-3 -> 85
A61: =SENSEX!Q6 -> SENSEX25D1884900CE | B61: BFO | C61: SELL | D61: 20 | E61: LIMIT | H61: NRML | I61: DAY | J61: regular | L61: link:3 | M61: YES | N61: OCO | P61: 3 | Q61: =P61-2 -> 1 | R61: =SENSEX!V6 -> 68 | S61: =R61-3 -> 65
A62: =SENSEX!Q7 -> SENSEX25D1885000CE | B62: BFO | C62: SELL | D62: 20 | E62: LIMIT | H62: NRML | I62: DAY | J62: regular | L62: link:3 | M62: YES | N62: OCO | P62: 3 | Q62: =P62-2 -> 1 | R62: =SENSEX!V7 -> 68 | S62: =R62-3 -> 65
A63: =SENSEX!Q8 -> SENSEX25D1885300CE | B63: BFO | C63: SELL | D63: 20 | E63: LIMIT | H63: NRML | I63: DAY | J63: regular | L63: link:3 | M63: YES | N63: OCO | P63: 3 | Q63: =P63-2 -> 1 | R63: =SENSEX!V8 -> 68 | S63: =R63-3 -> 65
A64: =SENSEX!Q9 -> SENSEX25D1885600CE | B64: BFO | C64: SELL | D64: 20 | E64: LIMIT | H64: NRML | I64: DAY | J64: regular | L64: link:3 | M64: YES | N64: OCO | P64: 3 | Q64: =P64-2 -> 1 | R64: =SENSEX!V9 -> 48 | S64: =R64-3 -> 45
A65: =SENSEX!Q10 -> SENSEX25D1885800CE | B65: BFO | C65: SELL | D65: 20 | E65: LIMIT | H65: NRML | I65: DAY | J65: regular | L65: link:3 | M65: YES | N65: OCO | P65: 3 | Q65: =P65-2 -> 1 | R65: =SENSEX!V10 -> 68 | S65: =R65-3 -> 65
A66: =SENSEX!Q11 -> SENSEX25D1885000PE | B66: BFO | C66: SELL | D66: 20 | E66: LIMIT | H66: NRML | I66: DAY | J66: regular | L66: link:3 | M66: YES | N66: OCO | P66: 3 | Q66: =P66-2 -> 1 | R66: =SENSEX!V11 -> 88 | S66: =R66-3 -> 85
A67: =SENSEX!Q12 -> SENSEX25D1884900PE | B67: BFO | C67: SELL | D67: 20 | E67: LIMIT | H67: NRML | I67: DAY | J67: regular | L67: link:3 | M67: YES | N67: OCO | P67: 3 | Q67: =P67-2 -> 1 | R67: =SENSEX!V12 -> 88 | S67: =R67-3 -> 85
A68: =SENSEX!Q13 -> SENSEX25D1884800PE | B68: BFO | C68: SELL | D68: 20 | E68: LIMIT | H68: NRML | I68: DAY | J68: regular | L68: link:3 | M68: YES | N68: OCO | P68: 3 | Q68: =P68-2 -> 1 | R68: =SENSEX!V13 -> 88 | S68: =R68-3 -> 85
A69: =SENSEX!Q14 -> SENSEX25D1884700PE | B69: BFO | C69: SELL | D69: 20 | E69: LIMIT | H69: NRML | I69: DAY | J69: regular | L69: link:3 | M69: YES | N69: OCO | P69: 3 | Q69: =P69-2 -> 1 | R69: =SENSEX!V14 -> 68 | S69: =R69-3 -> 65
... A85: =SENSEX!Q30 -> SENSEX25D1884800PE | B85: BFO | C85: SELL | D85: 20 | E85: LIMIT | H85: NRML | I85: DAY | J85: regular | L85: link:3 | M85: YES | N85: OCO | P85: 3 | Q85: =P85-2 -> 1 | R85: =SENSEX!V30 -> 68 | S85: =R85-3 -> 65

Sheet B2
A1: symbol | B1: exchange | C1: txn_type | D1: qty | E1: order_type | F1: price | G1: trigger_price | H1: product | I1: validity | J1: variety | K1: disclosed_qty | L1: tag | M1: gtt | N1: gtt_type | O1: limit_price | P1: trigger_price_1 | Q1: limit_price_1 | R1: trigger_price_2 | S1: limit_price_2
A2: =SENSEX!Q3 -> SENSEX25D1884600CE | B2: BFO | C2: BUY | D2: 60 | E2: LIMIT | G2: =SENSEX!F3 -> 138 | H2: NRML | I2: DAY | J2: regular | L2: link:2 | M2: YES | N2: SINGLE | O2: =G2-5 -> 133
A3: =SENSEX!Q4 -> SENSEX25D1884700CE | B3: BFO | C3: BUY | D3: 60 | E3: LIMIT | G3: =SENSEX!F4 -> 138 | H3: NRML | I3: DAY | J3: regular | L3: link:2 | M3: YES | N3: SINGLE | O3: =G3-5 -> 133
A4: =SENSEX!Q5 -> SENSEX25D1884800CE | B4: BFO | C4: BUY | D4: 60 | E4: LIMIT | G4: =SENSEX!F5 -> 138 | H4: NRML | I4: DAY | J4: regular | L4: link:2 | M4: YES | N4: SINGLE | O4: =G4-5 -> 133
A5: =SENSEX!Q6 -> SENSEX25D1884900CE | B5: BFO | C5: BUY | D5: 60 | E5: LIMIT | G5: =SENSEX!F6 -> 128 | H5: NRML | I5: DAY | J5: regular | L5: link:2 | M5: YES | N5: SINGLE | O5: =G5-5 -> 123
A6: =SENSEX!Q7 -> SENSEX25D1885000CE | B6: BFO | C6: BUY | D6: 60 | E6: LIMIT | G6: =SENSEX!F7 -> 88 | H6: NRML | I6: DAY | J6: regular | L6: link:2 | M6: YES | N6: SINGLE | O6: =G6-5 -> 83
A7: =SENSEX!Q8 -> SENSEX25D1885300CE | B7: BFO | C7: BUY | D7: 60 | E7: LIMIT | G7: =SENSEX!F8 -> 68 | H7: NRML | I7: DAY | J7: regular | L7: link:2 | M7: YES | N7: SINGLE | O7: =G7-5 -> 63
A8: =SENSEX!Q9 -> SENSEX25D1885600CE | B8: BFO | C8: BUY | D8: 60 | E8: LIMIT | G8: =SENSEX!F9 -> 38 | H8: NRML | I8: DAY | J8: regular | L8: link:2 | M8: YES | N8: SINGLE | O8: =G8-5 -> 33
A9: =SENSEX!Q10 -> SENSEX25D1885800CE | B9: BFO | C9: BUY | D9: 60 | E9: LIMIT | G9: =SENSEX!F10 -> 68 | H9: NRML | I9: DAY | J9: regular | L9: link:2 | M9: YES | N9: SINGLE | O9: =G9-5 -> 63
A10: =SENSEX!Q11 -> SENSEX25D1885000PE | B10: BFO | C10: BUY | D10: 60 | E10: LIMIT | G10: =SENSEX!F11 -> 138 | H10: NRML | I10: DAY | J10: regular | L10: link:2 | M10: YES | N10: SINGLE | O10: =G10-5 -> 133
A11: =SENSEX!Q12 -> SENSEX25D1884900PE | B11: BFO | C11: BUY | D11: 60 | E11: LIMIT | G11: =SENSEX!F12 -> 138 | H11: NRML | I11: DAY | J11: regular | L11: link:2 | M11: YES | N11: SINGLE | O11: =G11-5 -> 133
A12: =SENSEX!Q13 -> SENSEX25D1884800PE | B12: BFO | C12: BUY | D12: 60 | E12: LIMIT | G12: =SENSEX!F13 -> 138 | H12: NRML | I12: DAY | J12: regular | L12: link:2 | M12: YES | N12: SINGLE | O12: =G12-5 -> 133
A13: =SENSEX!Q14 -> SENSEX25D1884700PE | B13: BFO | C13: BUY | D13: 60 | E13: LIMIT | G13: =SENSEX!F14 -> 128 | H13: NRML | I13: DAY | J13: regular | L13: link:2 | M13: YES | N13: SINGLE | O13: =G13-5 -> 123
... A29: =SENSEX!Q30 -> SENSEX25D1884800PE | B29: BFO | C29: BUY | D29: 60 | E29: LIMIT | G29: =SENSEX!F30 -> 68 | H29: NRML | I29: DAY | J29: regular | L29: link:2 | M29: YES | N29: SINGLE | O29: =G29-5 -> 63
A30: =SENSEX!Q3 -> SENSEX25D1884600CE | B30: BFO | C30: SELL | D30: 60 | E30: LIMIT | H30: NRML | I30: DAY | J30: regular | L30: link:2 | M30: YES | N30: OCO | P30: 3 | Q30: =P30-2 -> 1 | R30: =SENSEX!G3 -> 238 | S30: =R30-3 -> 235
A31: =SENSEX!Q4 -> SENSEX25D1884700CE | B31: BFO | C31: SELL | D31: 40 | E31: LIMIT | H31: NRML | I31: DAY | J31: regular | L31: link:2 | M31: YES | N31: OCO | P31: 3 | Q31: =P31-2 -> 1 | R31: =SENSEX!G4 -> 238 | S31: =R31-3 -> 235
A32: =SENSEX!Q5 -> SENSEX25D1884800CE | B32: BFO | C32: SELL | D32: 40 | E32: LIMIT | H32: NRML | I32: DAY | J32: regular | L32: link:2 | M32: YES | N32: OCO | P32: 3 | Q32: =P32-2 -> 1 | R32: =SENSEX!G5 -> 238 | S32: =R32-3 -> 235
A33: =SENSEX!Q6 -> SENSEX25D1884900CE | B33: BFO | C33: SELL | D33: 40 | E33: LIMIT | H33: NRML | I33: DAY | J33: regular | L33: link:2 | M33: YES | N33: OCO | P33: 3 | Q33: =P33-2 -> 1 | R33: =SENSEX!G6 -> 228 | S33: =R33-3 -> 225
A34: =SENSEX!Q7 -> SENSEX25D1885000CE | B34: BFO | C34: SELL | D34: 40 | E34: LIMIT | H34: NRML | I34: DAY | J34: regular | L34: link:2 | M34: YES | N34: OCO | P34: 3 | Q34: =P34-2 -> 1 | R34: =SENSEX!G7 -> 168 | S34: =R34-3 -> 165
A35: =SENSEX!Q8 -> SENSEX25D1885300CE | B35: BFO | C35: SELL | D35: 40 | E35: LIMIT | H35: NRML | I35: DAY | J35: regular | L35: link:2 | M35: YES | N35: OCO | P35: 3 | Q35: =P35-2 -> 1 | R35: =SENSEX!G8 -> 138 | S35: =R35-3 -> 135
A36: =SENSEX!Q9 -> SENSEX25D1885600CE | B36: BFO | C36: SELL | D36: 40 | E36: LIMIT | H36: NRML | I36: DAY | J36: regular | L36: link:2 | M36: YES | N36: OCO | P36: 3 | Q36: =P36-2 -> 1 | R36: =SENSEX!G9 -> 68 | S36: =R36-3 -> 65
A37: =SENSEX!Q10 -> SENSEX25D1885800CE | B37: BFO | C37: SELL | D37: 40 | E37: LIMIT | H37: NRML | I37: DAY | J37: regular | L37: link:2 | M37: YES | N37: OCO | P37: 3 | Q37: =P37-2 -> 1 | R37: =SENSEX!G10 -> 138 | S37: =R37-3 -> 135
A38: =SENSEX!Q11 -> SENSEX25D1885000PE | B38: BFO | C38: SELL | D38: 40 | E38: LIMIT | H38: NRML | I38: DAY | J38: regular | L38: link:2 | M38: YES | N38: OCO | P38: 3 | Q38: =P38-2 -> 1 | R38: =SENSEX!G11 -> 238 | S38: =R38-3 -> 235
A39: =SENSEX!Q12 -> SENSEX25D1884900PE | B39: BFO | C39: SELL | D39: 40 | E39: LIMIT | H39: NRML | I39: DAY | J39: regular | L39: link:2 | M39: YES | N39: OCO | P39: 3 | Q39: =P39-2 -> 1 | R39: =SENSEX!G12 -> 238 | S39: =R39-3 -> 235
A40: =SENSEX!Q13 -> SENSEX25D1884800PE | B40: BFO | C40: SELL | D40: 40 | E40: LIMIT | H40: NRML | I40: DAY | J40: regular | L40: link:2 | M40: YES | N40: OCO | P40: 3 | Q40: =P40-2 -> 1 | R40: =SENSEX!G13 -> 238 | S40: =R40-3 -> 235
A41: =SENSEX!Q14 -> SENSEX25D1884700PE | B41: BFO | C41: SELL | D41: 40 | E41: LIMIT | H41: NRML | I41: DAY | J41: regular | L41: link:2 | M41: YES | N41: OCO | P41: 3 | Q41: =P41-2 -> 1 | R41: =SENSEX!G14 -> 228 | S41: =R41-3 -> 225
... A57: =SENSEX!Q30 -> SENSEX25D1884800PE | B57: BFO | C57: SELL | D57: 40 | E57: LIMIT | H57: NRML | I57: DAY | J57: regular | L57: link:2 | M57: YES | N57: OCO | P57: 3 | Q57: =P57-2 -> 1 | R57: =SENSEX!G30 -> 138 | S57: =R57-3 -> 135
A58: =SENSEX!Q3 -> SENSEX25D1884600CE | B58: BFO | C58: SELL | D58: 20 | E58: LIMIT | H58: NRML | I58: DAY | J58: regular | L58: link:2 | M58: YES | N58: OCO | P58: 3 | Q58: =P58-2 -> 1 | R58: =SENSEX!T3 -> 288 | S58: =R58-3 -> 285
A59: =SENSEX!Q4 -> SENSEX25D1884700CE | B59: BFO | C59: SELL | D59: 20 | E59: LIMIT | H59: NRML | I59: DAY | J59: regular | L59: link:2 | M59: YES | N59: OCO | P59: 3 | Q59: =P59-2 -> 1 | R59: =SENSEX!T4 -> 288 | S59: =R59-3 -> 285
A60: =SENSEX!Q5 -> SENSEX25D1884800CE | B60: BFO | C60: SELL | D60: 20 | E60: LIMIT | H60: NRML | I60: DAY | J60: regular | L60: link:2 | M60: YES | N60: OCO | P60: 3 | Q60: =P60-2 -> 1 | R60: =SENSEX!T5 -> 288 | S60: =R60-3 -> 285
A61: =SENSEX!Q6 -> SENSEX25D1884900CE | B61: BFO | C61: SELL | D61: 20 | E61: LIMIT | H61: NRML | I61: DAY | J61: regular | L61: link:2 | M61: YES | N61: OCO | P61: 3 | Q61: =P61-2 -> 1 | R61: =SENSEX!T6 -> 268 | S61: =R61-3 -> 265
A62: =SENSEX!Q7 -> SENSEX25D1885000CE | B62: BFO | C62: SELL | D62: 20 | E62: LIMIT | H62: NRML | I62: DAY | J62: regular | L62: link:2 | M62: YES | N62: OCO | P62: 3 | Q62: =P62-2 -> 1 | R62: =SENSEX!T7 -> 298 | S62: =R62-3 -> 295
A63: =SENSEX!Q8 -> SENSEX25D1885300CE | B63: BFO | C63: SELL | D63: 20 | E63: LIMIT | H63: NRML | I63: DAY | J63: regular | L63: link:2 | M63: YES | N63: OCO | P63: 3 | Q63: =P63-2 -> 1 | R63: =SENSEX!T8 -> 168 | S63: =R63-3 -> 165
A64: =SENSEX!Q9 -> SENSEX25D1885600CE | B64: BFO | C64: SELL | D64: 20 | E64: LIMIT | H64: NRML | I64: DAY | J64: regular | L64: link:2 | M64: YES | N64: OCO | P64: 3 | Q64: =P64-2 -> 1 | R64: =SENSEX!T9 -> 88 | S64: =R64-3 -> 85
A65: =SENSEX!Q10 -> SENSEX25D1885800CE | B65: BFO | C65: SELL | D65: 20 | E65: LIMIT | H65: NRML | I65: DAY | J65: regular | L65: link:2 | M65: YES | N65: OCO | P65: 3 | Q65: =P65-2 -> 1 | R65: =SENSEX!T10 -> 168 | S65: =R65-3 -> 165
A66: =SENSEX!Q11 -> SENSEX25D1885000PE | B66: BFO | C66: SELL | D66: 20 | E66: LIMIT | H66: NRML | I66: DAY | J66: regular | L66: link:2 | M66: YES | N66: OCO | P66: 3 | Q66: =P66-2 -> 1 | R66: =SENSEX!T11 -> 288 | S66: =R66-3 -> 285
A67: =SENSEX!Q12 -> SENSEX25D1884900PE | B67: BFO | C67: SELL | D67: 20 | E67: LIMIT | H67: NRML | I67: DAY | J67: regular | L67: link:2 | M67: YES | N67: OCO | P67: 3 | Q67: =P67-2 -> 1 | R67: =SENSEX!T12 -> 288 | S67: =R67-3 -> 285
A68: =SENSEX!Q13 -> SENSEX25D1884800PE | B68: BFO | C68: SELL | D68: 20 | E68: LIMIT | H68: NRML | I68: DAY | J68: regular | L68: link:2 | M68: YES | N68: OCO | P68: 3 | Q68: =P68-2 -> 1 | R68: =SENSEX!T13 -> 288 | S68: =R68-3 -> 285
A69: =SENSEX!Q14 -> SENSEX25D1884700PE | B69: BFO | C69: SELL | D69: 20 | E69: LIMIT | H69: NRML | I69: DAY | J69: regular | L69: link:2 | M69: YES | N69: OCO | P69: 3 | Q69: =P69-2 -> 1 | R69: =SENSEX!T14 -> 268 | S69: =R69-3 -> 265
... A85: =SENSEX!Q30 -> SENSEX25D1884800PE | B85: BFO | C85: SELL | D85: 20 | E85: LIMIT | H85: NRML | I85: DAY | J85: regular | L85: link:2 | M85: YES | N85: OCO | P85: 3 | Q85: =P85-2 -> 1 | R85: =SENSEX!T30 -> 168 | S85: =R85-3 -> 165

Sheet B1
A1: symbol | B1: exchange | C1: txn_type | D1: qty | E1: order_type | F1: price | G1: trigger_price | H1: product | I1: validity | J1: variety | K1: disclosed_qty | L1: tag | M1: gtt | N1: gtt_type | O1: limit_price | P1: trigger_price_1 | Q1: limit_price_1 | R1: trigger_price_2 | S1: limit_price_2
A2: =SENSEX!Q3 -> SENSEX25D1884600CE | B2: BFO | C2: BUY | D2: 60 | E2: LIMIT | G2: =SENSEX!D3 -> 338 | H2: NRML | I2: DAY | J2: regular | L2: link:1 | M2: YES | N2: SINGLE | O2: =G2-5 -> 333
A3: =SENSEX!Q4 -> SENSEX25D1884700CE | B3: BFO | C3: BUY | D3: 60 | E3: LIMIT | G3: =SENSEX!D4 -> 338 | H3: NRML | I3: DAY | J3: regular | L3: link:1 | M3: YES | N3: SINGLE | O3: =G3-5 -> 333
A4: =SENSEX!Q5 -> SENSEX25D1884800CE | B4: BFO | C4: BUY | D4: 60 | E4: LIMIT | G4: =SENSEX!D5 -> 338 | H4: NRML | I4: DAY | J4: regular | L4: link:1 | M4: YES | N4: SINGLE | O4: =G4-5 -> 333
A5: =SENSEX!Q6 -> SENSEX25D1884900CE | B5: BFO | C5: BUY | D5: 60 | E5: LIMIT | G5: =SENSEX!D6 -> 338 | H5: NRML | I5: DAY | J5: regular | L5: link:1 | M5: YES | N5: SINGLE | O5: =G5-5 -> 333
A6: =SENSEX!Q7 -> SENSEX25D1885000CE | B6: BFO | C6: BUY | D6: 60 | E6: LIMIT | G6: =SENSEX!D7 -> 288 | H6: NRML | I6: DAY | J6: regular | L6: link:1 | M6: YES | N6: SINGLE | O6: =G6-5 -> 283
A7: =SENSEX!Q8 -> SENSEX25D1885300CE | B7: BFO | C7: BUY | D7: 60 | E7: LIMIT | G7: =SENSEX!D8 -> 168 | H7: NRML | I7: DAY | J7: regular | L7: link:1 | M7: YES | N7: SINGLE | O7: =G7-5 -> 163
A8: =SENSEX!Q9 -> SENSEX25D1885600CE | B8: BFO | C8: BUY | D8: 60 | E8: LIMIT | G8: =SENSEX!D9 -> 68 | H8: NRML | I8: DAY | J8: regular | L8: link:1 | M8: YES | N8: SINGLE | O8: =G8-5 -> 63
A9: =SENSEX!Q10 -> SENSEX25D1885800CE | B9: BFO | C9: BUY | D9: 60 | E9: LIMIT | G9: =SENSEX!D10 -> 168 | H9: NRML | I9: DAY | J9: regular | L9: link:1 | M9: YES | N9: SINGLE | O9: =G9-5 -> 163
A10: =SENSEX!Q11 -> SENSEX25D1885000PE | B10: BFO | C10: BUY | D10: 60 | E10: LIMIT | G10: =SENSEX!D11 -> 338 | H10: NRML | I10: DAY | J10: regular | L10: link:1 | M10: YES | N10: SINGLE | O10: =G10-5 -> 333
A11: =SENSEX!Q12 -> SENSEX25D1884900PE | B11: BFO | C11: BUY | D11: 60 | E11: LIMIT | G11: =SENSEX!D12 -> 338 | H11: NRML | I11: DAY | J11: regular | L11: link:1 | M11: YES | N11: SINGLE | O11: =G11-5 -> 333
A12: =SENSEX!Q13 -> SENSEX25D1884800PE | B12: BFO | C12: BUY | D12: 60 | E12: LIMIT | G12: =SENSEX!D13 -> 338 | H12: NRML | I12: DAY | J12: regular | L12: link:1 | M12: YES | N12: SINGLE | O12: =G12-5 -> 333
A13: =SENSEX!Q14 -> SENSEX25D1884700PE | B13: BFO | C13: BUY | D13: 60 | E13: LIMIT | G13: =SENSEX!D14 -> 338 | H13: NRML | I13: DAY | J13: regular | L13: link:1 | M13: YES | N13: SINGLE | O13: =G13-5 -> 333
... A29: =SENSEX!Q30 -> SENSEX25D1884800PE | B29: BFO | C29: BUY | D29: 60 | E29: LIMIT | G29: =SENSEX!D30 -> 168 | H29: NRML | I29: DAY | J29: regular | L29: link:1 | M29: YES | N29: SINGLE | O29: =G29-5 -> 163
A30: =SENSEX!Q3 -> SENSEX25D1884600CE | B30: BFO | C30: SELL | D30: 60 | E30: LIMIT | H30: NRML | I30: DAY | J30: regular | L30: link:1 | M30: YES | N30: OCO | P30: =SENSEX!X3 -> 225 | Q30: =P30-2 -> 223 | R30: =SENSEX!E3 -> 418 | S30: =R30-3 -> 415
A31: =SENSEX!Q4 -> SENSEX25D1884700CE | B31: BFO | C31: SELL | D31: 40 | E31: LIMIT | H31: NRML | I31: DAY | J31: regular | L31: link:1 | M31: YES | N31: OCO | P31: =SENSEX!X4 -> 225 | Q31: =P31-2 -> 223 | R31: =SENSEX!E4 -> 418 | S31: =R31-3 -> 415
A32: =SENSEX!Q5 -> SENSEX25D1884800CE | B32: BFO | C32: SELL | D32: 40 | E32: LIMIT | H32: NRML | I32: DAY | J32: regular | L32: link:1 | M32: YES | N32: OCO | P32: =SENSEX!X5 -> 225 | Q32: =P32-2 -> 223 | R32: =SENSEX!E5 -> 418 | S32: =R32-3 -> 415
A33: =SENSEX!Q6 -> SENSEX25D1884900CE | B33: BFO | C33: SELL | D33: 40 | E33: LIMIT | H33: NRML | I33: DAY | J33: regular | L33: link:1 | M33: YES | N33: OCO | P33: =SENSEX!X6 -> 225 | Q33: =P33-2 -> 223 | R33: =SENSEX!E6 -> 418 | S33: =R33-3 -> 415
A34: =SENSEX!Q7 -> SENSEX25D1885000CE | B34: BFO | C34: SELL | D34: 40 | E34: LIMIT | H34: NRML | I34: DAY | J34: regular | L34: link:1 | M34: YES | N34: OCO | P34: =SENSEX!X7 -> 225 | Q34: =P34-2 -> 223 | R34: =SENSEX!E7 -> 388 | S34: =R34-3 -> 385
A35: =SENSEX!Q8 -> SENSEX25D1885300CE | B35: BFO | C35: SELL | D35: 40 | E35: LIMIT | H35: NRML | I35: DAY | J35: regular | L35: link:1 | M35: YES | N35: OCO | P35: =SENSEX!X8 -> 110 | Q35: =P35-2 -> 108 | R35: =SENSEX!E8 -> 218 | S35: =R35-3 -> 215
A36: =SENSEX!Q9 -> SENSEX25D1885600CE | B36: BFO | C36: SELL | D36: 40 | E36: LIMIT | H36: NRML | I36: DAY | J36: regular | L36: link:1 | M36: YES | N36: OCO | P36: =SENSEX!X9 -> 3 | Q36: =P36-2 -> 1 | R36: =SENSEX!E9 -> 138 | S36: =R36-3 -> 135
A37: =SENSEX!Q10 -> SENSEX25D1885800CE | B37: BFO | C37: SELL | D37: 40 | E37: LIMIT | H37: NRML | I37: DAY | J37: regular | L37: link:1 | M37: YES | N37: OCO | P37: =SENSEX!X10 -> 110 | Q37: =P37-2 -> 108 | R37: =SENSEX!E10 -> 218 | S37: =R37-3 -> 215
A38: =SENSEX!Q11 -> SENSEX25D1885000PE | B38: BFO | C38: SELL | D38: 40 | E38: LIMIT | H38: NRML | I38: DAY | J38: regular | L38: link:1 | M38: YES | N38: OCO | P38: =SENSEX!X11 -> 225 | Q38: =P38-2 -> 223 | R38: =SENSEX!E11 -> 418 | S38: =R38-3 -> 415
A39: =SENSEX!Q12 -> SENSEX25D1884900PE | B39: BFO | C39: SELL | D39: 40 | E39: LIMIT | H39: NRML | I39: DAY | J39: regular | L39: link:1 | M39: YES | N39: OCO | P39: =SENSEX!X12 -> 225 | Q39: =P39-2 -> 223 | R39: =SENSEX!E12 -> 418 | S39: =R39-3 -> 415
A40: =SENSEX!Q13 -> SENSEX25D1884800PE | B40: BFO | C40: SELL | D40: 40 | E40: LIMIT | H40: NRML | I40: DAY | J40: regular | L40: link:1 | M40: YES | N40: OCO | P40: =SENSEX!X13 -> 225 | Q40: =P40-2 -> 223 | R40: =SENSEX!E13 -> 418 | S40: =R40-3 -> 415
A41: =SENSEX!Q14 -> SENSEX25D1884700PE | B41: BFO | C41: SELL | D41: 40 | E41: LIMIT | H41: NRML | I41: DAY | J41: regular | L41: link:1 | M41: YES | N41: OCO | P41: =SENSEX!X14 -> 225 | Q41: =P41-2 -> 223 | R41: =SENSEX!E14 -> 418 | S41: =R41-3 -> 415
... A57: =SENSEX!Q30 -> SENSEX25D1884800PE | B57: BFO | C57: SELL | D57: 40 | E57: LIMIT | H57: NRML | I57: DAY | J57: regular | L57: link:1 | M57: YES | N57: OCO | P57: =SENSEX!X30 -> 110 | Q57: =P57-2 -> 108 | R57: =SENSEX!E30 -> 218 | S57: =R57-3 -> 215
A58: =SENSEX!Q3 -> SENSEX25D1884600CE | B58: BFO | C58: SELL | D58: 20 | E58: LIMIT | H58: NRML | I58: DAY | J58: regular | L58: link:1 | M58: YES | N58: OCO | P58: =SENSEX!X3 -> 225 | Q58: =P58-2 -> 223 | R58: =SENSEX!R3 -> 495 | S58: =R58-3 -> 492
A59: =SENSEX!Q4 -> SENSEX25D1884700CE | B59: BFO | C59: SELL | D59: 20 | E59: LIMIT | H59: NRML | I59: DAY | J59: regular | L59: link:1 | M59: YES | N59: OCO | P59: =SENSEX!X4 -> 225 | Q59: =P59-2 -> 223 | R59: =SENSEX!R4 -> 495 | S59: =R59-3 -> 492
A60: =SENSEX!Q5 -> SENSEX25D1884800CE | B60: BFO | C60: SELL | D60: 20 | E60: LIMIT | H60: NRML | I60: DAY | J60: regular | L60: link:1 | M60: YES | N60: OCO | P60: =SENSEX!X5 -> 225 | Q60: =P60-2 -> 223 | R60: =SENSEX!R5 -> 495 | S60: =R60-3 -> 492
A61: =SENSEX!Q6 -> SENSEX25D1884900CE | B61: BFO | C61: SELL | D61: 20 | E61: LIMIT | H61: NRML | I61: DAY | J61: regular | L61: link:1 | M61: YES | N61: OCO | P61: =SENSEX!X6 -> 225 | Q61: =P61-2 -> 223 | R61: =SENSEX!R6 -> 495 | S61: =R61-3 -> 492
A62: =SENSEX!Q7 -> SENSEX25D1885000CE | B62: BFO | C62: SELL | D62: 20 | E62: LIMIT | H62: NRML | I62: DAY | J62: regular | L62: link:1 | M62: YES | N62: OCO | P62: =SENSEX!X7 -> 225 | Q62: =P62-2 -> 223 | R62: =SENSEX!R7 -> 448 | S62: =R62-3 -> 445
A63: =SENSEX!Q8 -> SENSEX25D1885300CE | B63: BFO | C63: SELL | D63: 20 | E63: LIMIT | H63: NRML | I63: DAY | J63: regular | L63: link:1 | M63: YES | N63: OCO | P63: =SENSEX!X8 -> 110 | Q63: =P63-2 -> 108 | R63: =SENSEX!R8 -> 238 | S63: =R63-3 -> 235
A64: =SENSEX!Q9 -> SENSEX25D1885600CE | B64: BFO | C64: SELL | D64: 20 | E64: LIMIT | H64: NRML | I64: DAY | J64: regular | L64: link:1 | M64: YES | N64: OCO | P64: =SENSEX!X9 -> 3 | Q64: =P64-2 -> 1 | R64: =SENSEX!R9 -> 168 | S64: =R64-3 -> 165
A65: =SENSEX!Q10 -> SENSEX25D1885800CE | B65: BFO | C65: SELL | D65: 20 | E65: LIMIT | H65: NRML | I65: DAY | J65: regular | L65: link:1 | M65: YES | N65: OCO | P65: =SENSEX!X10 -> 110 | Q65: =P65-2 -> 108 | R65: =SENSEX!R10 -> 238 | S65: =R65-3 -> 235
A66: =SENSEX!Q11 -> SENSEX25D1885000PE | B66: BFO | C66: SELL | D66: 20 | E66: LIMIT | H66: NRML | I66: DAY | J66: regular | L66: link:1 | M66: YES | N66: OCO | P66: =SENSEX!X11 -> 225 | Q66: =P66-2 -> 223 | R66: =SENSEX!R11 -> 495 | S66: =R66-3 -> 492
A67: =SENSEX!Q12 -> SENSEX25D1884900PE | B67: BFO | C67: SELL | D67: 20 | E67: LIMIT | H67: NRML | I67: DAY | J67: regular | L67: link:1 | M67: YES | N67: OCO | P67: =SENSEX!X12 -> 225 | Q67: =P67-2 -> 223 | R67: =SENSEX!R12 -> 495 | S67: =R67-3 -> 492
A68: =SENSEX!Q13 -> SENSEX25D1884800PE | B68: BFO | C68: SELL | D68: 20 | E68: LIMIT | H68: NRML | I68: DAY | J68: regular | L68: link:1 | M68: YES | N68: OCO | P68: =SENSEX!X13 -> 225 | Q68: =P68-2 -> 223 | R68: =SENSEX!R13 -> 495 | S68: =R68-3 -> 492
A69: =SENSEX!Q14 -> SENSEX25D1884700PE | B69: BFO | C69: SELL | D69: 20 | E69: LIMIT | H69: NRML | I69: DAY | J69: regular | L69: link:1 | M69: YES | N69: OCO | P69: =SENSEX!X14 -> 225 | Q69: =P69-2 -> 223 | R69: =SENSEX!R14 -> 495 | S69: =R69-3 -> 492
... A85: =SENSEX!Q30 -> SENSEX25D1884800PE | B85: BFO | C85: SELL | D85: 20 | E85: LIMIT | H85: NRML | I85: DAY | J85: regular | L85: link:1 | M85: YES | N85: OCO | P85: =SENSEX!X30 -> 110 | Q85: =P85-2 -> 108 | R85: =SENSEX!R30 -> 238 | S85: =R85-3 -> 235

Sheet SENSEX
A1: 84800 | B1: SENSEX | C1: 25 | D1: D | E1: 18 | F1: CE | G1: PE | Q1: SENSEX25D1184500CE
A2: strType | C2: Strike | D2: B1 | E2: B1S1 | F2: B2 | G2: B2S2 | H2: B3 | I2: B3S3 | N2: YEAR | O2: DAY | P2: EXPIRY | R2: B1S2 | S2: B1S3 | T2: B2S2 | U2: B2S3 | V2: B3S2 | W2: B3S3 | X2: SL1
A3: CE | B3: =J3-K3 -> 84600 | C3: =B3 -> 84600 | D3: 338 | E3: 418 | F3: 138 | G3: 238 | H3: 38 | I3: 68 | J3: =A1 -> 84800 | K3: 200 | L3: 2 | M3: =B1 -> SENSEX | N3: =C1 -> 25 | O3: D | P3: =E1 -> 18 | Q3: =_xlfn.CONCAT(M3,N3,O3,P3,C3,A3) -> SENSEX25D1884600CE | R3: 495 | S3: 595 | T3: 288 | U3: 338 | V3: 88 | W3: 118 | X3: 225
A4: CE | B4: =J4-K4 -> 84700 | C4: =B4 -> 84700 | D4: 338 | E4: 418 | F4: 138 | G4: 238 | H4: 38 | I4: 68 | J4: =A1 -> 84800 | K4: 100 | L4: 1 | M4: =B1 -> SENSEX | N4: =C1 -> 25 | O4: D | P4: =E1 -> 18 | Q4: =_xlfn.CONCAT(M4,N4,O4,P4,C4,A4) -> SENSEX25D1884700CE | R4: 495 | S4: 595 | T4: 288 | U4: 338 | V4: 88 | W4: 118 | X4: 225
A5: CE | B5: =J5-K5 -> 84800 | C5: =B5 -> 84800 | D5: 338 | E5: 418 | F5: 138 | G5: 238 | H5: 38 | I5: 68 | J5: =A1 -> 84800 | K5: 0 | L5: 0 | M5: =B1 -> SENSEX | N5: =C1 -> 25 | O5: D | P5: =E1 -> 18 | Q5: =_xlfn.CONCAT(M5,N5,O5,P5,C5,A5) -> SENSEX25D1884800CE | R5: 495 | S5: 595 | T5: 288 | U5: 338 | V5: 88 | W5: 118 | X5: 225
A6: CE | B6: =J6-K6 -> 84900 | C6: =B6 -> 84900 | D6: 338 | E6: 418 | F6: 128 | G6: 228 | H6: 28 | I6: 56 | J6: =A1 -> 84800 | K6: -100 | L6: -1 | M6: =B1 -> SENSEX | N6: =C1 -> 25 | O6: D | P6: =E1 -> 18 | Q6: =_xlfn.CONCAT(M6,N6,O6,P6,C6,A6) -> SENSEX25D1884900CE | R6: 495 | S6: 595 | T6: 268 | U6: 318 | V6: 68 | W6: 88 | X6: 225
A7: CE | B7: =J7-K7 -> 85000 | C7: =B7 -> 85000 | D7: 288 | E7: 388 | F7: 88 | G7: 168 | H7: 18 | I7: 38 | J7: =A1 -> 84800 | K7: -200 | L7: -2 | M7: =B1 -> SENSEX | N7: =C1 -> 25 | O7: D | P7: =E1 -> 18 | Q7: =_xlfn.CONCAT(M7,N7,O7,P7,C7,A7) -> SENSEX25D1885000CE | R7: 448 | S7: 448 | T7: 298 | U7: 218 | V7: 68 | W7: 88 | X7: 225
A8: CE | B8: =J8-K8 -> 85300 | C8: =B8 -> 85300 | D8: 168 | E8: 218 | F8: 68 | G8: 138 | H8: 38 | I8: 68 | J8: =A1 -> 84800 | K8: -500 | L8: -5 | M8: =B1 -> SENSEX | N8: =C1 -> 25 | O8: D | P8: =E1 -> 18 | Q8: =_xlfn.CONCAT(M8,N8,O8,P8,C8,A8) -> SENSEX25D1885300CE | R8: 238 | S8: 295 | T8: 168 | U8: 218 | V8: 68 | W8: 88 | X8: 110
A9: CE | B9: =J9-K9 -> 85600 | C9: =B9 -> 85600 | D9: 68 | E9: 138 | F9: 38 | G9: 68 | H9: 18 | I9: 38 | J9: =A1 -> 84800 | K9: -800 | L9: -8 | M9: =B1 -> SENSEX | N9: =C1 -> 25 | O9: D | P9: =E1 -> 18 | Q9: =_xlfn.CONCAT(M9,N9,O9,P9,C9,A9) -> SENSEX25D1885600CE | R9: 168 | S9: 195 | T9: 88 | U9: 118 | V9: 48 | W9: 68 | X9: 3
A10: CE | B10: =J10-K10 -> 85800 | C10: =B10 -> 85800 | D10: 168 | E10: 218 | F10: 68 | G10: 138 | H10: 38 | I10: 68 | J10: =A1 -> 84800 | K10: -1000 | L10: -10 | M10: =B1 -> SENSEX | N10: =C1 -> 25 | O10: D | P10: =E1 -> 18 | Q10: =_xlfn.CONCAT(M10,N10,O10,P10,C10,A10) -> SENSEX25D1885800CE | R10: 238 | S10: 295 | T10: 168 | U10: 218 | V10: 68 | W10: 88 | X10: 110
A11: PE | B11: =J11-K11 -> 85000 | C11: =B11 -> 85000 | D11: 338 | E11: 418 | F11: 138 | G11: 238 | H11: 38 | I11: 68 | J11: =A1 -> 84800 | K11: -200 | L11: -2 | M11: =B1 -> SENSEX | N11: =C1 -> 25 | O11: D | P11: =E1 -> 18 | Q11: =_xlfn.CONCAT(M11,N11,O11,P11,C11,A11) -> SENSEX25D1885000PE | R11: 495 | S11: 595 | T11: 288 | U11: 338 | V11: 88 | W11: 118 | X11: 225
A12: PE | B12: =J12-K12 -> 84900 | C12: =B12 -> 84900 | D12: 338 | E12: 418 | F12: 138 | G12: 238 | H12: 38 | I12: 68 | J12: =A1 -> 84800 | K12: -100 | L12: -1 | M12: =B1 -> SENSEX | N12: =C1 -> 25 | O12: D | P12: =E1 -> 18 | Q12: =_xlfn.CONCAT(M12,N12,O12,P12,C12,A12) -> SENSEX25D1884900PE | R12: 495 | S12: 595 | T12: 288 | U12: 338 | V12: 88 | W12: 118 | X12: 225
A13: PE | B13: =J13-K13 -> 84800 | C13: =B13 -> 84800 | D13: 338 | E13: 418 | F13: 138 | G13: 238 | H13: 38 | I13: 68 | J13: =A1 -> 84800 | K13: 0 | L13: 0 | M13: =B1 -> SENSEX | N13: =C1 -> 25 | O13: D | P13: =E1 -> 18 | Q13: =_xlfn.CONCAT(M13,N13,O13,P13,C13,A13) -> SENSEX25D1884800PE | R13: 495 | S13: 595 | T13: 288 | U13: 338 | V13: 88 | W13: 118 | X13: 225
A14: PE | B14: =J14-K14 -> 84700 | C14: =B14 -> 84700 | D14: 338 | E14: 418 | F14: 128 | G14: 228 | H14: 28 | I14: 56 | J14: =A1 -> 84800 | K14: 100 | L14: 1 | M14: =B1 -> SENSEX | N14: =C1 -> 25 | O14: D | P14: =E1 -> 18 | Q14: =_xlfn.CONCAT(M14,N14,O14,P14,C14,A14) -> SENSEX25D1884700PE | R14: 495 | S14: 595 | T14: 268 | U14: 318 | V14: 68 | W14: 88 | X14: 225
A15: PE | B15: =J15-K15 -> 84600 | C15: =B15 -> 84600 | D15: 288 | E15: 388 | F15: 88 | G15: 168 | H15: 18 | I15: 38 | J15: =A1 -> 84800 | K15: 200 | L15: 2 | M15: =B1 -> SENSEX | N15: =C1 -> 25 | O15: D | P15: =E1 -> 18 | Q15: =_xlfn.CONCAT(M15,N15,O15,P15,C15,A15) -> SENSEX25D1884600PE | R15: 448 | S15: 448 | T15: 298 | U15: 218 | V15: 68 | W15: 88 | X15: 225
A16: PE | B16: =J16-K16 -> 84300 | C16: =B16 -> 84300 | D16: 168 | E16: 218 | F16: 68 | G16: 138 | H16: 38 | I16: 68 | J16: =A1 -> 84800 | K16: 500 | L16: 5 | M16: =B1 -> SENSEX | N16: =C1 -> 25 | O16: D | P16: =E1 -> 18 | Q16: =_xlfn.CONCAT(M16,N16,O16,P16,C16,A16) -> SENSEX25D1884300PE | R16: 238 | S16: 295 | T16: 168 | U16: 218 | V16: 68 | W16: 88 | X16: 110
A17: PE | B17: =J17-K17 -> 84000 | C17: =B17 -> 84000 | D17: 68 | E17: 138 | F17: 38 | G17: 68 | H17: 18 | I17: 38 | J17: =A1 -> 84800 | K17: 800 | L17: 8 | M17: =B1 -> SENSEX | N17: =C1 -> 25 | O17: D | P17: =E1 -> 18 | Q17: =_xlfn.CONCAT(M17,N17,O17,P17,C17,A17) -> SENSEX25D1884000PE | R17: 168 | S17: 195 | T17: 88 | U17: 118 | V17: 48 | W17: 68 | X17: 3
A18: PE | B18: =J18-K18 -> 83800 | C18: =B18 -> 83800 | D18: 168 | E18: 218 | F18: 68 | G18: 138 | H18: 38 | I18: 68 | J18: =A1 -> 84800 | K18: 1000 | L18: 10 | M18: =B1 -> SENSEX | N18: =C1 -> 25 | O18: D | P18: =E1 -> 18 | Q18: =_xlfn.CONCAT(M18,N18,O18,P18,C18,A18) -> SENSEX25D1883800PE | R18: 238 | S18: 295 | T18: 168 | U18: 218 | V18: 68 | W18: 88 | X18: 110
A19: CE | B19: =J19-K19 -> 83800 | C19: =B19 -> 83800 | D19: 338 | E19: 418 | F19: 138 | G19: 238 | H19: 38 | I19: 68 | J19: =A1 -> 84800 | K19: 1000 | L19: 10 | M19: =B1 -> SENSEX | N19: =C1 -> 25 | O19: D | P19: =E1 -> 18 | Q19: =_xlfn.CONCAT(M19,N19,O19,P19,C19,A19) -> SENSEX25D1883800CE | R19: 495 | S19: 595 | T19: 288 | U19: 338 | V19: 88 | W19: 118 | X19: 225
A20: CE | B20: =J20-K20 -> 83900 | C20: =B20 -> 83900 | D20: 338 | E20: 418 | F20: 128 | G20: 228 | H20: 28 | I20: 56 | J20: =A1 -> 84800 | K20: 900 | L20: 9 | M20: =B1 -> SENSEX | N20: =C1 -> 25 | O20: D | P20: =E1 -> 18 | Q20: =_xlfn.CONCAT(M20,N20,O20,P20,C20,A20) -> SENSEX25D1883900CE | R20: 495 | S20: 595 | T20: 268 | U20: 318 | V20: 68 | W20: 88 | X20: 225
A21: CE | B21: =J21-K21 -> 84000 | C21: =B21 -> 84000 | D21: 288 | E21: 388 | F21: 88 | G21: 168 | H21: 18 | I21: 38 | J21: =A1 -> 84800 | K21: 800 | L21: 8 | M21: =B1 -> SENSEX | N21: =C1 -> 25 | O21: D | P21: =E1 -> 18 | Q21: =_xlfn.CONCAT(M21,N21,O21,P21,C21,A21) -> SENSEX25D1884000CE | R21: 448 | S21: 448 | T21: 298 | U21: 218 | V21: 68 | W21: 88 | X21: 225
A22: CE | B22: =J22-K22 -> 84300 | C22: =B22 -> 84300 | D22: 168 | E22: 218 | F22: 68 | G22: 138 | H22: 38 | I22: 68 | J22: =A1 -> 84800 | K22: 500 | L22: 5 | M22: =B1 -> SENSEX | N22: =C1 -> 25 | O22: D | P22: =E1 -> 18 | Q22: =_xlfn.CONCAT(M22,N22,O22,P22,C22,A22) -> SENSEX25D1884300CE | R22: 238 | S22: 295 | T22: 168 | U22: 218 | V22: 68 | W22: 88 | X22: 110
A23: CE | B23: =J23-K23 -> 84600 | C23: =B23 -> 84600 | D23: 68 | E23: 138 | F23: 38 | G23: 68 | H23: 18 | I23: 38 | J23: =A1 -> 84800 | K23: 200 | L23: 2 | M23: =B1 -> SENSEX | N23: =C1 -> 25 | O23: D | P23: =E1 -> 18 | Q23: =_xlfn.CONCAT(M23,N23,O23,P23,C23,A23) -> SENSEX25D1884600CE | R23: 168 | S23: 195 | T23: 88 | U23: 118 | V23: 48 | W23: 68 | X23: 3
A24: CE | B24: =J24-K24 -> 84800 | C24: =B24 -> 84800 | D24: 168 | E24: 218 | F24: 68 | G24: 138 | H24: 38 | I24: 68 | J24: =A1 -> 84800 | K24: 0 | L24: 0 | M24: =B1 -> SENSEX | N24: =C1 -> 25 | O24: D | P24: =E1 -> 18 | Q24: =_xlfn.CONCAT(M24,N24,O24,P24,C24,A24) -> SENSEX25D1884800CE | R24: 238 | S24: 295 | T24: 168 | U24: 218 | V24: 68 | W24: 88 | X24: 110
A25: PE | B25: =J25-K25 -> 85800 | C25: =B25 -> 85800 | D25: 338 | E25: 418 | F25: 138 | G25: 238 | H25: 38 | I25: 68 | J25: =A1 -> 84800 | K25: -1000 | L25: -10 | M25: =B1 -> SENSEX | N25: =C1 -> 25 | O25: D | P25: =E1 -> 18 | Q25: =_xlfn.CONCAT(M25,N25,O25,P25,C25,A25) -> SENSEX25D1885800PE | R25: 495 | S25: 595 | T25: 288 | U25: 338 | V25: 88 | W25: 118 | X25: 225
A26: PE | B26: =J26-K26 -> 85700 | C26: =B26 -> 85700 | D26: 338 | E26: 418 | F26: 128 | G26: 228 | H26: 28 | I26: 56 | J26: =A1 -> 84800 | K26: -900 | L26: -9 | M26: =B1 -> SENSEX | N26: =C1 -> 25 | O26: D | P26: =E1 -> 18 | Q26: =_xlfn.CONCAT(M26,N26,O26,P26,C26,A26) -> SENSEX25D1885700PE | R26: 495 | S26: 595 | T26: 268 | U26: 318 | V26: 68 | W26: 88 | X26: 225
A27: PE | B27: =J27-K27 -> 85600 | C27: =B27 -> 85600 | D27: 288 | E27: 388 | F27: 88 | G27: 168 | H27: 18 | I27: 38 | J27: =A1 -> 84800 | K27: -800 | L27: -8 | M27: =B1 -> SENSEX | N27: =C1 -> 25 | O27: D | P27: =E1 -> 18 | Q27: =_xlfn.CONCAT(M27,N27,O27,P27,C27,A27) -> SENSEX25D1885600PE | R27: 448 | S27: 448 | T27: 298 | U27: 218 | V27: 68 | W27: 88 | X27: 225
A28: PE | B28: =J28-K28 -> 85300 | C28: =B28 -> 85300 | D28: 168 | E28: 218 | F28: 68 | G28: 138 | H28: 38 | I28: 68 | J28: =A1 -> 84800 | K28: -500 | L28: -5 | M28: =B1 -> SENSEX | N28: =C1 -> 25 | O28: D | P28: =E1 -> 18 | Q28: =_xlfn.CONCAT(M28,N28,O28,P28,C28,A28) -> SENSEX25D1885300PE | R28: 238 | S28: 295 | T28: 168 | U28: 218 | V28: 68 | W28: 88 | X28: 110
A29: PE | B29: =J29-K29 -> 85000 | C29: =B29 -> 85000 | D29: 68 | E29: 138 | F29: 38 | G29: 68 | H29: 18 | I29: 38 | J29: =A1 -> 84800 | K29: -200 | L29: -2 | M29: =B1 -> SENSEX | N29: =C1 -> 25 | O29: D | P29: =E1 -> 18 | Q29: =_xlfn.CONCAT(M29,N29,O29,P29,C29,A29) -> SENSEX25D1885000PE | R29: 168 | S29: 195 | T29: 88 | U29: 118 | V29: 48 | W29: 68 | X29: 3
A30: PE | B30: =J30-K30 -> 84800 | C30: =B30 -> 84800 | D30: 168 | E30: 218 | F30: 68 | G30: 138 | H30: 38 | I30: 68 | J30: =A1 -> 84800 | K30: 0 | L30: 0 | M30: =B1 -> SENSEX | N30: =C1 -> 25 | O30: D | P30: =E1 -> 18 | Q30: =_xlfn.CONCAT(M30,N30,O30,P30,C30,A30) -> SENSEX25D1884800PE | R30: 238 | S30: 295 | T30: 168 | U30: 218 | V30: 68 | W30: 88 | X30: 110

Sheet NIFTY
